Australia,Alexandria
Australia,Coffs Harbour
Australia,Darlinghurst
Australia,Goulburn
Australia,Lane Cove
Australia,Lavender Bay
Australia,Malabar
Australia,Matraville
Australia,Milsons Point
Australia,Newcastle
Australia,North Ryde
Australia,North Sydney
Australia,Port Macquarie
Australia,Rhodes
Australia,Silverwater
Australia,Springwood
Australia,St. Leonards
Australia,Sydney
Australia,Wollongong
Australia,Brisbane
Australia,Caloundra
Australia,East Brisbane
Australia,Gold Coast
Australia,Hawthorne
Australia,Hervey Bay
Australia,Rockhampton
Australia,Townsville
Australia,Cloverdale
Australia,Findon
Australia,Perth
Australia,Hobart
Australia,Bendigo
Australia,Cranbourne
Australia,Geelong
Australia,Melbourne
Australia,Melton
Australia,Seaford
Australia,South Melbourne
Australia,Sunbury
Australia,Warrnambool
Canada,Calgary
Canada,Edmonton
Canada,Burnaby
Canada,Burnaby
Canada,Burnaby
Canada,Burnaby
Canada,Burnaby
Canada,Burnaby
Canada,Cliffside
Canada,Haney
Canada,Langford
Canada,Langley
Canada,Metchosin
Canada,N. Vancouver
Canada,Newton
Canada,Newton
Canada,Newton
Canada,Newton
Canada,Oak Bay
Canada,Port Hammond
Canada,Richmond
Canada,Royal Oak
Canada,Shawnee
Canada,Shawnee
Canada,Shawnee
Canada,Sooke
Canada,Surrey
Canada,Vancouver
Canada,Victoria
Canada,Westminster
Canada,Westminster
Canada,Winnipeg
Canada,Saint John
Canada,Aurora
Canada,Barrie
Canada,Brampton
Canada,Chalk Riber
Canada,Etobicoke
Canada,Kanata
Canada,Kingston
Canada,Markham
Canada,Mississauga
Canada,Mississauga
Canada,Mississauga
Canada,Nepean
Canada,North York
Canada,Ottawa
Canada,Ottawa
Canada,Ottawa
Canada,Ottawa
Canada,Richmond Hill
Canada,Scarborough
Canada,Toronto
Canada,Toronto
Canada,Toronto
Canada,Toronto
Canada,Vancouver
Canada,Waterloo
Canada,Weston
Canada,Brossard
Canada,Brossard
Canada,Dorval
Canada,Hull
Canada,Montreal
Canada,Montreal
Canada,Montreal
Canada,Montreal
Canada,Outremont
Canada,Pnot-Rouge
Canada,Quebec
Canada,Sainte-Foy
Canada,Sillery
Canada,Ville De'anjou
Germany,Berlin
Germany,Eilenburg
Germany,Augsburg
Germany,Erlangen
Germany,Frankfurt
Germany,Grevenbroich
Germany,Hof
Germany,Ingolstadt
Germany,Bad Soden
Germany,Berlin
Germany,Berlin
Germany,Berlin
Germany,Berlin
Germany,Darmstadt
Germany,Dresden
Germany,Duesseldorf
Germany,Duesseldorf
Germany,Frankfurt
Germany,Hamburg
Germany,Kassel
Germany,München
Germany,Salzgitter
Germany,Ascheim
Germany,Augsburg
Germany,Berlin
Germany,Berlin
Germany,Berlin
Germany,Berlin
Germany,Bonn
Germany,Bonn
Germany,Essen
Germany,Frankfurt am Main
Germany,Frankfurt am Main
Germany,Hamburg
Germany,Muehlheim
Germany,Mühlheim
Germany,München
Germany,Paderborn
Germany,Berlin
Germany,Berlin
Germany,Bonn
Germany,Bottrop
Germany,Braunschweig
Germany,Hannover
Germany,Leipzig
Germany,München
Germany,Paderborn
Germany,Solingen
Germany,Werne
Germany,Berlin
Germany,Berlin
Germany,Berlin
Germany,Frankfurt am Main
Germany,Frankfurt am Main
Germany,Kiel
Germany,München
Germany,Münster
Germany,Neunkirchen
Germany,Offenbach
Germany,Poing
Germany,Saarbrücken
Germany,Saarlouis
Germany,Stuttgart
Germany,Stuttgart
Germany,Sulzbach Taunus
France,Saint Ouen
France,Colomiers
France,Aujan Mournede
France,Saint Ouen
France,Orleans
France,Metz
France,Croix
France,Dunkerque
France,Lille
France,Roncq
France,Roubaix
France,Villeneuve-d'Ascq
France,Boulogne-sur-Mer
France,Paris
France,Paris
France,Paris
France,Paris
France,Paris
France,Paris
France,Paris
France,Paris
France,Paris
France,Paris
France,Paris
France,Paris
France,Paris
France,Lieusaint
France,Roissy en Brie
France,Chatou
France,Saint Germain en Laye
France,Versailles
France,Saint Ouen
France,Les Ulis
France,Morangis
France,Verrieres Le Buisson
France,Boulogne-Billancourt
France,Colombes
France,Courbevoie
France,Paris La Defense
France,Sèvres
France,Suresnes
France,Bobigny
France,Drancy
France,Pantin
France,Saint-Denis
France,Tremblay-en-France
France,Orly
France,Cergy
United Kingdom,Abingdon
United Kingdom,Basingstoke Hants
United Kingdom,Berks
United Kingdom,Berkshire
United Kingdom,Billericay
United Kingdom,Birmingham
United Kingdom,Bracknell
United Kingdom,Bury
United Kingdom,Cambridge
United Kingdom,Cheltenham
United Kingdom,Esher-Molesey
United Kingdom,Gateshead
United Kingdom,Gloucestershire
United Kingdom,High Wycombe
United Kingdom,Kirkby
United Kingdom,Lancaster
United Kingdom,Leeds
United Kingdom,London
United Kingdom,London
United Kingdom,London
United Kingdom,London
United Kingdom,London
United Kingdom,London
United Kingdom,London
United Kingdom,London
United Kingdom,London
United Kingdom,London
United Kingdom,London
United Kingdom,London
United Kingdom,London
United Kingdom,London
United Kingdom,Maidenhead
United Kingdom,Milton Keynes
United Kingdom,Milton Keynes
United Kingdom,Newcastle upon Tyne
United Kingdom,Oxford
United Kingdom,Oxford
United Kingdom,Oxon
United Kingdom,Peterborough
United Kingdom,Reading
United Kingdom,Runcorn
United Kingdom,Liverpool
United Kingdom,Stoke-on-Trent
United Kingdom,W. York
United Kingdom,Warrington
United Kingdom,Warrington
United Kingdom,Watford
United Kingdom,West Sussex
United Kingdom,Wokingham
United Kingdom,Woolston
United Kingdom,York
United Kingdom,York
United Kingdom,York
United States,Birmingham
United States,Florence
United States,Huntsville
United States,Mobile
United States,Montgomery
United States,Chandler
United States,Gilbert
United States,Mesa
United States,Phoenix
United States,Scottsdale
United States,Surprise
United States,Tucson
United States,Alhambra
United States,Alpine
United States,Auburn
United States,Baldwin Park
United States,Barstow
United States,Bell Gardens
United States,Bellflower
United States,Berkeley
United States,Beverly Hills
United States,Burbank
United States,Burlingame
United States,Camarillo
United States,Canoga Park
United States,Carson
United States,Cerritos
United States,Chula Vista
United States,Citrus Heights
United States,City Of Commerce
United States,Colma
United States,Concord
United States,Coronado
United States,Culver City
United States,Daly City
United States,Downey
United States,El Cajon
United States,El Segundo
United States,Elk Grove
United States,Escondido
United States,Eureka
United States,Fontana
United States,Fremont
United States,Fullerton
United States,Gilroy
United States,Glendale
United States,Grossmont
United States,Hanford
United States,Hayward
United States,Imperial Beach
United States,Irvine
United States,La Jolla
United States,La Mesa
United States,Lake Elsinore
United States,Lakewood
United States,Lemon Grove
United States,Lincoln Acres
United States,Long Beach
United States,Los Angeles
United States,Mill Valley
United States,Milpitas
United States,Modesto
United States,Monrovia
United States,National City
United States,Newark
United States,Newport Beach
United States,Norwalk
United States,Novato
United States,Oakland
United States,Ontario
United States,Orange
United States,Oxnard
United States,Palo Alto
United States,Pleasanton
United States,Redlands
United States,Redwood City
United States,Sacramento
United States,San Bruno
United States,San Carlos
United States,San Diego
United States,San Francisco
United States,San Gabriel
United States,San Jose
United States,San Mateo
United States,San Ramon
United States,San Ysidro
United States,Sand City
United States,Santa Ana
United States,Santa Cruz
United States,Santa Monica
United States,Sherman Oaks
United States,Simi Valley
United States,Spring Valley
United States,Stockton
United States,Torrance
United States,Trabuco Canyon
United States,Union City
United States,Upland
United States,Vacaville
United States,Van Nuys
United States,Visalia
United States,Vista
United States,Walnut Creek
United States,West Covina
United States,Whittier
United States,Woodland Hills
United States,Denver
United States,Englewood
United States,Greeley
United States,Longmont
United States,Loveland
United States,Parker
United States,Westminster
United States,East Haven
United States,Farmington
United States,Hamden
United States,Milford
United States,New Haven
United States,Stamford
United States,Waterbury
United States,Westport
United States,Altamonte Springs
United States,Bradenton
United States,Clearwater
United States,Destin
United States,Hollywood
United States,Kendall
United States,Lakeland
United States,Merritt Island
United States,Miami
United States,North Miami Beach
United States,Orlando
United States,Sarasota
United States,Sunrise
United States,Tampa
United States,Vero Beach
United States,Atlanta
United States,Augusta
United States,Austell
United States,Byron
United States,Clarkston
United States,Columbus
United States,Decatur
United States,La Grange
United States,Marietta
United States,Mcdonough
United States,Savannah
United States,Suwanee
United States,Idaho Falls
United States,Lewiston
United States,Sandpoint
United States,Carol Stream
United States,Chicago
United States,Elgin
United States,Joliet
United States,Moline
United States,Norridge
United States,Peoria
United States,Tuscola
United States,West Chicago
United States,Wood Dale
United States,Daleville
United States,Fort Wayne
United States,Indianapolis
United States,Logansport
United States,Michigan City
United States,New Castle
United States,South Bend
United States,Campbellsville
United States,Florence
United States,Newport
United States,Saint Matthews
United States,Somerset
United States,Braintree
United States,Norwood
United States,Randolph
United States,Saugus
United States,Wrentham
United States,Baltimore
United States,Kittery
United States,Detroit
United States,Holland
United States,Howell
United States,Madison Heights
United States,Midland
United States,Monroe
United States,Novi
United States,Pontiac
United States,Port Huron
United States,Redford
United States,Saginaw
United States,Southfield
United States,Southgate
United States,Westland
United States,Zeeland
United States,Branch
United States,Duluth
United States,Edina
United States,Medford
United States,Minneapolis
United States,Woodbury
United States,Branson
United States,Ferguson
United States,Jefferson City
United States,Kansas City
United States,Odessa
United States,Saint Ann
United States,Saint Louis
United States,Biloxi
United States,Gulfport
United States,Tupelo
United States,Billings
United States,Great Falls
United States,Missoula
United States,Charlotte
United States,Greensboro
United States,Kannapolis
United States,Raleigh
United States,Rocky Mount
United States,Smithfield
United States,Winston-Salem
United States,Hooksett
United States,Nashua
United States,Plaistow
United States,Tilton
United States,Las Cruces
United States,Rio Rancho
United States,Santa Fe
United States,Fernley
United States,Las Vegas
United States,North Las Vegas
United States,Reno
United States,Sparks
United States,Central Valley
United States,Cheektowaga
United States,Clay
United States,De Witt
United States,Endicott
United States,Ithaca
United States,Lake George
United States,Melville
United States,New Hartford
United States,New York
United States,Valley Stream
United States,Burbank
United States,Cincinnati
United States,Columbus
United States,Euclid
United States,Heath
United States,Holland
United States,Mansfield
United States,Mentor
United States,North Randall
United States,Oberlin
United States,Springdale
United States,Albany
United States,Beaverton
United States,Clackamas
United States,Clackamas
United States,Corvallis
United States,Hillsboro
United States,Klamath Falls
United States,Lake Oswego
United States,Lebanon
United States,Medford
United States,Milwaukie
United States,Oregon City
United States,Portland
United States,Salem
United States,Springfield
United States,Tigard
United States,Troutdale
United States,W. Linn
United States,Woodburn
United States,Warwick
United States,West Kingston
United States,Woonsocket
United States,Bluffton
United States,Gaffney
United States,Myrtle Beach
United States,Denby
United States,North Sioux City
United States,Crossville
United States,Hixson
United States,Kingsport
United States,La Vergne
United States,Maryville
United States,Memphis
United States,Millington
United States,Nashville
United States,Pigeon Forge
United States,Arlington
United States,Austin
United States,Baytown
United States,Carrollton
United States,Cedar Park
United States,College Station
United States,Corpus Christi
United States,Dallas
United States,Fort Worth
United States,Garland
United States,Hillsboro
United States,Houston
United States,Humble
United States,Irving
United States,Killeen
United States,La Marque
United States,Laredo
United States,Mesquite
United States,Plano
United States,Round Rock
United States,San Antonio
United States,Stafford
United States,Sugar Land
United States,Bountiful
United States,Cedar City
United States,Ogden
United States,Park City
United States,Riverton
United States,Salt Lake City
United States,Sandy
United States,Tooele
United States,Chantilly
United States,Falls Church
United States,Leesburg
United States,Newport News
United States,Virginia Beach
United States,Ballard
United States,Bellevue
United States,Bellingham
United States,Bothell
United States,Bremerton
United States,Burien
United States,Chehalis
United States,Edmonds
United States,Ellensburg
United States,Everett
United States,Federal Way
United States,Issaquah
United States,Kelso
United States,Kenmore
United States,Kennewick
United States,Kent
United States,Kirkland
United States,Lacey
United States,Longview
United States,Lynnwood
United States,Marysville
United States,Monroe
United States,Newport Hills
United States,North Bend
United States,Olympia
United States,Port Orchard
United States,Puyallup
United States,Redmond
United States,Renton
United States,Sammamish
United States,Seattle
United States,Sedro Woolley
United States,Sequim
United States,Shelton
United States,Spokane
United States,Tacoma
United States,Union Gap
United States,Walla Walla
United States,Washougal
United States,Wenatchee
United States,Woodinville
United States,Yakima
United States,Johnson Creek
United States,Milwaukee
United States,Mosinee
United States,Racine
United States,Casper
United States,Cheyenne
United States,Rock Springs
